"Cenário","Gini","Bottom_50","Top_10","Top_1","Arrecadacao_BR","Dif_Arrecadacao_BR"
"Regime Atual",0.619553920167199,0.139681482335565,0.55042180363925,0.247493466880213,314.466778929297,0
"Nova Proposta",0.617338733169866,0.140375533103393,0.54765457704544,0.241994738555536,346.960011409211,32.4932324799144
"Nova c/ Aliq. Máxima",0.616592356188896,0.140652629133015,0.546761664171328,0.24036979178226,360.024117147753,45.557338218456
