"Cenário","Gini","Bottom_50","Top_10","Top_1","Arrecadacao_BR","Dif_Arrecadacao_BR"
"Regime Atual",0.630533511969857,0.135143630156983,0.58007233062792,0.330484099728426,352.877454308325,0
"Nova Proposta",0.631336722196559,0.13443602830935,0.580877622323741,0.327783598136886,317.124689100663,-35.7527652076616
"Nova c/ Aliq. Máxima",0.631336722196559,0.13443602830935,0.580877622323741,0.327783598136886,385.803878961118,32.9264246527925
