"Cenário","Gini","Bottom_50","Top_10","Top_1","Arrecadacao_BR","Dif_Arrecadacao_BR"
"Regime Atual",0.620083598968339,0.139356621313024,0.55103313945148,0.247079201554608,299.146626160369,0
"Nova Proposta",0.617708066649426,0.140169244854642,0.548308748648395,0.241712682410412,337.335863931076,38.1892377707074
"Nova c/ Aliq. Máxima",0.617008410403044,0.140429000292317,0.54747169442291,0.240305586364443,349.595022909077,50.4483967487085
