"Cenário","Gini","Bottom_50","Top_10","Top_1","Arrecadacao_BR","Dif_Arrecadacao_BR"
"Regime Atual",0.617449134101763,0.140891427261597,0.548932584021719,0.248464740040913,370.905105917845,0
"Nova Proposta",0.616257199030346,0.140819257669277,0.54622472120094,0.24201635014527,367.565927956492,-3.33917796135336
"Nova c/ Aliq. Máxima",0.61479453940967,0.141361048552908,0.544478856939618,0.239029135561319,392.383947784225,21.47884186638
